"DATA","ABERTURA","FECHAMENTO","VARIAÇÃO","MÍNIMO","MÁXIMO","VOLUME"
"03/01/2022","76.378","74.691","-2,12","74.605","77.001","n/d"
"30/12/2021","75.777","76.305","0,60","75.397","76.378","n/d"
"29/12/2021","76.392","75.849","-0,84","75.555","76.532","n/d"
"28/12/2021","76.018","76.493","0,49","75.452","76.493","n/d"
"27/12/2021","75.995","76.119","0,29","75.511","76.397","n/d"
"23/12/2021","76.378","75.900","-0,58","75.743","76.488","n/d"
"22/12/2021","76.154","76.341","0,24","75.549","76.397","n/d"
"21/12/2021","76.261","76.158","0,02","75.535","76.274","n/d"
"20/12/2021","76.719","76.144","-1,15","75.619","76.830","n/d"
"17/12/2021","76.321","77.032","0,82","75.880","77.224","n/d"
"16/12/2021","77.611","76.402","-1,38","76.135","77.699","n/d"
"15/12/2021","77.204","77.472","0,40","75.984","77.569","n/d"
"14/12/2021","78.451","77.164","-1,23","76.991","79.209","n/d"
"13/12/2021","78.120","78.128","0,17","77.821","79.142","n/d"
"10/12/2021","77.922","77.999","0,44","77.922","78.839","n/d"
"09/12/2021","78.427","77.661","-0,99","77.436","78.939","n/d"
"08/12/2021","77.833","78.435","0,87","77.748","79.428","n/d"
"07/12/2021","78.641","77.759","-0,51","77.552","78.791","n/d"
"06/12/2021","78.416","78.160","-0,09","77.943","79.082","n/d"
"03/12/2021","77.186","78.233","1,54","77.184","78.764","n/d"
"02/12/2021","75.509","77.047","2,61","75.509","77.835","n/d"
"01/12/2021","76.104","75.084","-1,06","74.816","76.894","n/d"
"30/11/2021","76.571","75.885","-0,96","74.965","76.794","n/d"
"29/11/2021","76.278","76.624","1,06","76.045","76.820","n/d"
"26/11/2021","76.432","75.820","-1,66","75.364","76.442","n/d"
"25/11/2021","76.127","77.100","1,50","76.113","77.597","n/d"
"24/11/2021","75.444","75.963","0,52","75.273","76.264","n/d"
"23/11/2021","74.835","75.569","1,11","74.310","75.684","n/d"
"22/11/2021","75.935","74.738","-1,32","74.709","76.364","n/d"
"19/11/2021","75.052","75.739","1,07","75.025","76.545","n/d"
"18/11/2021","74.835","74.936","0,31","74.830","75.949","n/d"
"17/11/2021","76.501","74.705","-2,06","74.352","76.689","n/d"
"16/11/2021","77.708","76.276","-1,58","75.869","77.903","n/d"
"12/11/2021","78.489","77.504","-1,33","77.424","79.361","n/d"
"11/11/2021","78.048","78.546","1,07","77.983","79.263","n/d"
"10/11/2021","76.266","77.715","1,82","76.266","78.299","n/d"
"09/11/2021","75.465","76.322","1,31","75.391","76.944","n/d"
"08/11/2021","75.408","75.333","-0,39","75.240","76.380","n/d"
"05/11/2021","75.322","75.629","0,79","75.257","76.541","n/d"
"04/11/2021","76.821","75.033","-2,35","74.762","76.881","n/d"
"03/11/2021","75.116","76.835","2,09","74.951","77.423","n/d"
"01/11/2021","74.575","75.262","1,20","74.575","75.829","n/d"
"29/10/2021","75.390","74.371","-0,88","74.169","75.849","n/d"
"28/10/2021","76.033","75.035","-1,61","74.700","76.582","n/d"
"27/10/2021","n/d","76.265","1,26","75.473","77.208","n/d"
"26/10/2021","76.165","75.316","-1,30","75.233","76.288","n/d"
"25/10/2021","75.122","76.309","1,93","74.919","76.600","n/d"
"22/10/2021","75.998","74.862","-2,08","72.488","75.998","n/d"
"21/10/2021","77.789","76.453","-2,74","75.335","77.906","n/d"
"20/10/2021","78.606","78.605","0,21","78.457","79.628","n/d"
"19/10/2021","80.136","78.444","-2,48","78.151","80.136","n/d"
"18/10/2021","79.515","80.439","0,95","78.910","80.672","n/d"
"15/10/2021","79.709","79.684","0,17","79.540","80.163","n/d"
"14/10/2021","79.672","79.545","-0,06","79.165","79.984","n/d"
"13/10/2021","78.472","79.595","1,39","78.376","79.910","n/d"
"11/10/2021","77.979","78.502","0,65","77.454","78.999","n/d"
"08/10/2021","76.660","77.993","2,08","76.660","78.483","n/d"
"07/10/2021","76.331","76.401","0,27","75.669","76.910","n/d"
"06/10/2021","76.351","76.192","-0,57","75.050","76.351","n/d"
"05/10/2021","77.647","76.627","-1,15","76.338","77.647","n/d"
"04/10/2021","78.816","77.514","-1,75","77.164","78.816","n/d"
"01/10/2021","78.315","78.892","0,76","77.952","79.089","n/d"
"30/09/2021","79.078","78.296","-0,79","78.150","79.724","n/d"
"29/09/2021","79.122","78.923","0,10","78.404","79.827","n/d"
"28/09/2021","79.748","78.846","-1,32","78.713","79.892","n/d"
"27/09/2021","80.080","79.902","-0,20","79.246","80.245","n/d"
"24/09/2021","79.929","80.060","-0,28","79.550","80.397","n/d"
"23/09/2021","80.331","80.285","-0,10","80.095","81.043","n/d"
"22/09/2021","80.421","80.363","0,23","79.900","81.316","n/d"
"21/09/2021","79.242","80.175","1,43","79.001","80.801","n/d"
"20/09/2021","79.297","79.042","-0,92","78.663","79.987","n/d"
"17/09/2021","79.889","79.775","-0,28","79.268","80.103","n/d"
"16/09/2021","80.158","79.996","-0,37","79.665","80.461","n/d"
"15/09/2021","81.257","80.289","-1,13","79.982","81.257","n/d"
"14/09/2021","80.880","81.208","0,46","80.791","81.952","n/d"
"13/09/2021","80.043","80.833","1,50","79.941","81.163","n/d"
"10/09/2021","80.228","79.635","-0,23","79.458","80.635","n/d"
"09/09/2021","78.056","79.816","2,12","77.924","80.287","n/d"
"08/09/2021","80.453","78.158","-3,08","77.923","80.453","n/d"
"06/09/2021","79.912","80.641","0,83","79.679","80.869","n/d"
"03/09/2021","80.702","79.981","-0,66","79.629","80.803","n/d"
"02/09/2021","81.751","80.513","-1,68","80.440","81.751","n/d"
"01/09/2021","80.074","81.892","2,43","80.074","82.226","n/d"
"31/08/2021","80.047","79.946","-0,10","79.414","80.293","n/d"
"30/08/2021","80.500","80.028","-0,70","79.617","80.500","n/d"
"27/08/2021","n/d","80.588","0,52","79.618","80.679","n/d"
"26/08/2021","81.237","80.172","-1,26","80.172","81.237","n/d"
"25/08/2021","80.748","81.190","0,33","80.342","81.246","n/d"
"24/08/2021","79.524","80.926","2,03","79.383","80.972","n/d"
"23/08/2021","80.247","79.319","-1,18","78.989","80.329","n/d"
"20/08/2021","78.206","80.266","2,25","78.029","80.343","n/d"
"19/08/2021","76.198","78.500","2,52","75.910","78.783","n/d"
"18/08/2021","77.072","76.567","-0,64","76.120","77.367","n/d"
"17/08/2021","77.362","77.062","-0,54","76.081","77.540","n/d"
"16/08/2021","77.873","77.479","-0,67","77.115","78.155","n/d"
"13/08/2021","77.041","78.003","1,36","76.771","78.003","n/d"
"12/08/2021","77.525","76.955","-0,76","76.758","77.577","n/d"
"11/08/2021","77.424","77.543","0,07","76.753","77.847","n/d"
"10/08/2021","78.832","77.492","-1,57","77.492","78.903","n/d"
"09/08/2021","78.394","78.730","0,42","78.340","79.215","n/d"
"06/08/2021","77.930","78.405","0,73","77.868","78.810","n/d"
"05/08/2021","78.986","77.835","-1,16","77.672","79.477","n/d"
"04/08/2021","78.845","78.751","-0,45","78.118","79.573","n/d"
"03/08/2021","78.959","79.111","0,13","77.873","79.140","n/d"
"02/08/2021","78.479","79.011","1,10","78.479","79.837","n/d"
"30/07/2021","n/d","78.148","-2,25","78.027","79.910","n/d"
"29/07/2021","80.378","79.950","-0,47","79.725","80.634","n/d"
"28/07/2021","n/d","80.327","0,46","79.657","80.597","n/d"
"27/07/2021","79.721","79.962","0,18","79.408","80.089","n/d"
"26/07/2021","n/d","79.816","-0,65","79.567","80.373","n/d"
"23/07/2021","n/d","80.337","-1,29","80.131","81.443","n/d"
"22/07/2021","80.826","81.385","0,68","80.807","81.556","n/d"
"21/07/2021","80.696","80.838","0,20","80.474","81.023","n/d"
"20/07/2021","80.420","80.678","0,15","80.164","80.948","n/d"
"19/07/2021","80.750","80.555","-0,74","79.931","81.017","n/d"
"16/07/2021","81.246","81.159","-0,02","81.070","81.850","n/d"
"15/07/2021","81.410","81.179","-0,21","80.732","81.641","n/d"
"14/07/2021","80.952","81.352","0,78","80.719","81.558","n/d"
"13/07/2021","n/d","80.720","-0,09","80.048","80.847","n/d"
"12/07/2021","80.075","80.796","1,22","79.811","80.799","n/d"
"08/07/2021","n/d","79.820","-0,88","79.442","80.364","n/d"
"07/07/2021","80.036","80.525","0,81","79.517","80.738","n/d"
"06/07/2021","n/d","79.881","-0,78","79.486","80.322","n/d"
"05/07/2021","80.447","80.505","0,02","80.093","80.716","n/d"
"02/07/2021","n/d","80.485","0,92","79.793","80.590","n/d"
"01/07/2021","80.367","79.755","-0,87","79.292","80.473","n/d"
"30/06/2021","80.829","80.452","-0,68","79.644","80.842","n/d"
"29/06/2021","81.603","81.000","-0,79","80.435","81.603","n/d"
"28/06/2021","81.935","81.646","-0,25","81.385","82.194","n/d"
"25/06/2021","82.989","81.850","-1,39","81.209","83.225","n/d"
"24/06/2021","82.989","83.001","0,23","82.556","83.385","1,07B"
"23/06/2021","83.381","82.810","-0,57","82.709","83.799","1,16B"
"22/06/2021","83.915","83.286","-0,83","82.712","83.915","1,60B"
"21/06/2021","83.964","83.979","-0,03","83.080","84.133","1,44B"
"18/06/2021","83.750","84.007","0,54","83.405","84.546","3,01B"
"17/06/2021","83.912","83.560","-0,38","83.178","84.761","1,42B"
"16/06/2021","84.773","83.880","-0,93","83.599","85.305","1,74B"
"15/06/2021","85.004","84.670","-0,23","84.131","85.066","1,36B"
"14/06/2021","83.659","84.867","1,46","83.659","85.055","1,05B"
"11/06/2021","84.576","83.647","-1,01","83.072","84.586","842,02M"
"10/06/2021","83.917","84.504","0,89","83.912","84.684","1,02B"
"09/06/2021","84.487","83.757","-0,92","83.691","84.688","960,50M"
"08/06/2021","85.198","84.531","-0,89","84.242","85.322","1,22B"
"07/06/2021","84.782","85.293","0,65","84.753","85.483","1,17B"
"04/06/2021","84.388","84.740","0,35","84.178","84.802","976,17M"
"02/06/2021","84.551","84.448","0,14","84.172","84.898","1,11B"
"01/06/2021","83.821","84.329","0,85","83.740","84.810","1,43B"
"31/05/2021","83.522","83.619","0,04","83.150","83.851","1,18B"
"28/05/2021","83.719","83.585","-0,26","82.887","83.747","1,58B"
"27/05/2021","83.894","83.800","-0,06","83.230","84.090","1,75B"
"26/05/2021","84.185","83.846","-0,26","83.526","84.660","1,24B"
"25/05/2021","83.987","84.066","0,26","83.480","84.181","1,08B"
"24/05/2021","82.764","83.850","1,49","82.747","83.912","1,02B"
"21/05/2021","82.611","82.616","0,14","82.097","82.618","900,50M"
"20/05/2021","82.282","82.501","0,38","81.817","82.501","1,39B"
"19/05/2021","81.104","82.188","1,06","80.924","82.636","2,09B"
"18/05/2021","81.253","81.323","0,21","80.819","81.768","1,26B"
"17/05/2021","80.939","81.152","0,34","80.477","81.507","1,28B"
"14/05/2021","79.992","80.879","1,56","79.964","80.972","1,33B"
"13/05/2021","78.211","79.636","2,16","78.124","79.730","1,47B"
"12/05/2021","79.950","77.956","-2,61","77.843","79.950","1,40B"
"11/05/2021","78.767","80.046","1,13","78.080","80.145","1,38B"
"10/05/2021","80.429","79.150","-1,38","78.870","80.429","1,15B"
"07/05/2021","79.248","80.260","1,35","79.132","80.390","1,30B"
"06/05/2021","n/d","n/d","n/d","n/d","n/d","1,28B"
"05/05/2021","79.142","79.206","0,19","78.450","79.263","1,15B"
"04/05/2021","80.396","79.053","-1,59","78.722","80.396","1,34B"
"03/05/2021","80.033","80.327","0,26","79.922","81.035","1,59B"
"30/04/2021","81.145","80.122","-1,30","80.057","81.431","2,49B"
"29/04/2021","80.577","81.175","0,65","80.485","81.285","1,28B"
"28/04/2021","80.122","80.654","0,95","79.863","80.832","1,36B"
"27/04/2021","81.048","79.896","-1,24","79.853","81.064","973,74M"
"26/04/2021","81.519","80.903","-0,54","80.422","81.752","889,64M"
"23/04/2021","81.002","81.343","0,70","80.566","81.411","1,21B"
"22/04/2021","81.586","80.777","-0,51","80.595","81.846","1,15B"
"20/04/2021","80.830","81.193","0,34","80.802","81.803","1,23B"
"19/04/2021","81.005","80.916","-0,21","80.254","81.178","1,20B"
"16/04/2021","79.837","81.084","1,67","79.488","81.106","1,66B"
"15/04/2021","79.413","79.755","0,50","79.148","79.824","1,34B"
"14/04/2021","79.921","79.360","-0,65","79.051","80.028","1,51B"
"13/04/2021","80.321","79.958","-0,55","79.597","80.321","261,36M"
"12/04/2021","80.144","80.401","0,47","80.008","80.693","1,19B"
"09/04/2021","80.336","80.021","-0,65","79.824","80.520","1,24B"
"08/04/2021","80.570","80.544","0,02","80.072","80.840","1,27B"
"07/04/2021","80.824","80.527","-0,53","80.284","81.380","1,33B"
"06/04/2021","80.829","80.959","0,31","80.213","81.203","988,62M"
"05/04/2021","80.330","80.706","0,87","80.187","80.916","1,31B"
"01/04/2021","80.889","80.012","-1,11","79.755","81.199","1,40B"
"31/03/2021","80.252","80.913","0,93","80.058","81.108","2,07B"
"30/03/2021","78.755","80.169","1,75","78.521","80.338","1,26B"
"29/03/2021","78.948","78.790","-0,17","78.287","79.559","1,29B"
"26/03/2021","78.242","78.926","0,78","78.078","79.060","1,32B"
"25/03/2021","76.177","78.317","2,47","75.856","78.596","2,02B"
"24/03/2021","78.355","76.432","-2,24","76.224","78.355","1,21B"
"23/03/2021","78.232","78.182","-0,23","77.899","79.002","933,43M"
"22/03/2021","78.878","78.363","-0,71","77.708","79.320","n/d"
"19/03/2021","77.640","78.925","1,69","77.433","79.169","n/d"
"18/03/2021","78.185","77.615","-0,96","77.319","78.489","1,20B"
"17/03/2021","77.056","78.365","1,59","76.382","78.430","1,64B"
"16/03/2021","77.224","77.137","0,04","76.537","77.137","1,11B"
"15/03/2021","75.893","77.105","1,66","75.868","77.474","1,29B"
"12/03/2021","75.547","75.849","0,16","75.050","76.272","1,02B"
"11/03/2021","74.987","75.729","1,43","74.722","76.321","n/d"
"10/03/2021","73.188","74.665","2,06","73.099","74.740","1,63B"
"09/03/2021","73.166","73.160","0,22","72.729","73.611","1,71B"
"08/03/2021","74.994","72.998","-3,31","72.833","75.440","1,81B"
"05/03/2021","75.636","75.494","-0,38","74.597","75.810","1,34B"
"04/03/2021","73.986","75.786","2,55","73.986","76.698","1,99B"
"03/03/2021","73.726","73.904","0,26","71.457","74.227","n/d"
"02/03/2021","72.536","73.713","0,89","70.853","73.888","2,00B"
"01/03/2021","74.644","73.064","-1,79","72.995","75.087","1,60B"
"26/02/2021","75.865","74.396","-1,81","74.298","76.435","1,90B"
"25/02/2021","77.443","75.851","-2,02","75.476","77.919","n/d"
"24/02/2021","77.551","77.418","0,10","76.999","78.557","2,46B"
"23/02/2021","76.421","77.339","1,48","76.240","78.002","2,56B"
"22/02/2021","77.434","76.214","-3,48","75.222","77.434","2,51B"
"19/02/2021","79.256","78.962","-0,40","78.741","79.698","1,16B"
"18/02/2021","79.859","79.278","-0,76","78.905","80.076","1,57B"
"17/02/2021","80.983","79.888","-1,40","79.702","81.039","1,07B"
"12/02/2021","81.553","81.023","-0,64","80.803","81.553","1,04B"
"11/02/2021","81.512","81.541","0,23","81.152","82.274","1,16B"
"10/02/2021","82.346","81.355","-1,08","81.006","82.475","1,38B"
"09/02/2021","82.219","82.240","-0,18","81.986","82.829","1,16B"
"08/02/2021","82.340","82.390","0,02","81.715","83.003","1,16B"
"05/02/2021","82.338","82.377","0,18","81.916","82.640","1,13B"
"04/02/2021","82.520","82.229","-0,21","81.848","82.832","1,51B"
"03/02/2021","81.853","82.399","0,78","81.853","82.798","1,57B"
"02/02/2021","81.033","81.763","1,33","81.033","82.868","1,79B"
"01/02/2021","79.232","80.689","2,24","79.008","80.940","1,94B"
"29/01/2021","80.213","78.923","-1,85","78.842","80.866","1,27B"
"28/01/2021","78.571","80.407","2,32","78.416","80.618","1,48B"
"27/01/2021","77.792","78.582","0,87","77.684","79.476","1,81B"
"26/01/2021","79.125","77.905","-1,79","77.740","79.588","2,51B"
"22/01/2021","79.549","79.326","-0,93","78.412","79.589","1,68B"
"21/01/2021","80.960","80.070","-1,08","79.385","81.175","1,76B"
"20/01/2021","82.375","80.944","-1,57","80.651","82.406","1,35B"
"19/01/2021","82.471","82.233","-0,23","81.801","82.813","1,28B"
"18/01/2021","83.575","82.424","-1,21","82.424","83.910","905,73M"
"15/01/2021","83.376","83.434","-0,37","82.540","83.993","1,23B"
"14/01/2021","82.447","83.742","1,85","82.398","83.778","1,63B"
"13/01/2021","81.511","82.221","0,85","81.100","82.431","1,45B"
"12/01/2021","80.952","81.530","0,95","80.502","81.687","1,53B"
"11/01/2021","82.078","80.759","-1,96","80.235","82.175","1,45B"
"08/01/2021","79.742","82.376","3,52","79.586","82.472","1,67B"
"07/01/2021","80.652","79.577","-1,26","79.381","80.903","1,76B"
"06/01/2021","81.512","80.594","-1,18","80.161","81.698","1,50B"
"05/01/2021","81.961","81.558","-0,48","80.434","81.961","1,34B"
"04/01/2021","83.185","81.955","-1,08","81.643","83.799","1,35B"
"30/12/2020","82.493","82.846","0,50","82.212","83.053","2,21B"
"29/12/2020","82.342","82.437","0,14","81.981","82.530","697,14M"
"28/12/2020","81.296","82.320","1,62","81.243","82.439","826,33M"
"23/12/2020","79.851","81.004","1,57","79.851","81.199","1,05B"
"22/12/2020","79.767","79.754","0,26","79.473","80.120","803,10M"
"21/12/2020","79.675","79.547","-1,54","78.758","80.015","1,20B"
"18/12/2020","81.089","80.793","-0,28","80.469","81.735","1,36B"
"17/12/2020","81.120","81.023","-0,09","80.765","82.045","1,49B"
"16/12/2020","80.670","81.098","0,59","80.026","81.244","1,75B"
"15/12/2020","80.053","80.620","0,89","79.294","80.808","1,36B"
"14/12/2020","80.639","79.913","-0,57","79.913","81.204","1,22B"
"11/12/2020","78.516","80.370","2,35","78.271","80.657","1,72B"
"10/12/2020","78.105","78.527","0,71","77.036","78.661","1,31B"
"09/12/2020","78.210","77.977","-0,14","77.718","78.407","1,38B"
"07/12/2020","78.205","78.415","0,26","77.986","79.378","1,25B"
"04/12/2020","78.529","78.208","-0,34","77.870","78.987","1,71B"
"03/12/2020","78.282","78.476","0,42","78.244","79.583","1,56B"
"02/12/2020","77.536","78.145","0,79","77.536","78.686","1,52B"
"01/12/2020","77.638","77.638","0,00","77.638","77.638","1,79B"
"30/11/2020","77.667","77.283","-0,46","77.252","78.128","2,01B"
"27/11/2020","77.679","77.638","0,02","77.323","77.969","920,48M"
"26/11/2020","76.929","77.618","0,91","76.614","77.685","771,87M"
"25/11/2020","76.236","76.918","0,89","76.236","77.280","1,37B"
"24/11/2020","75.814","76.236","0,74","75.326","76.400","1,32B"
"23/11/2020","75.778","75.673","0,07","75.497","76.073","987,06M"
"20/11/2020","76.585","75.620","-1,27","75.520","76.652","1,03B"
"19/11/2020","76.719","76.594","-0,16","76.551","77.280","1,20B"
"18/11/2020","77.200","76.719","-0,61","76.415","77.360","1,58B"
"17/11/2020","76.508","77.188","0,55","75.804","77.229","1,62B"
"16/11/2020","76.543","76.769","0,78","76.351","77.132","1,46B"
"13/11/2020","74.654","76.172","2,42","74.581","76.172","1,46B"
"12/11/2020","75.562","74.374","-1,42","73.875","76.384","1,78B"
"11/11/2020","76.309","75.443","-1,42","74.932","76.312","1,46B"
"10/11/2020","76.365","76.526","0,13","75.926","76.979","1,54B"
"09/11/2020","77.189","76.429","0,31","76.269","77.989","1,77B"
"06/11/2020","75.190","76.189","0,96","74.838","76.391","1,34B"
"05/11/2020","73.541","75.468","3,21","73.541","75.610","1,60B"
"04/11/2020","71.499","73.120","2,71","71.493","73.247","1,47B"
"03/11/2020","70.510","71.193","1,78","70.510","71.702","1,59B"
"30/10/2020","70.963","69.951","-1,51","69.476","70.963","1,56B"
"29/10/2020","70.994","71.021","0,12","69.389","71.160","1,32B"
"28/10/2020","72.129","70.935","-2,55","70.862","72.129","1,12B"
"27/10/2020","73.158","72.789","-0,35","72.647","73.503","1,21B"
"26/10/2020","72.465","73.042","0,79","72.404","73.939","1,35B"
"23/10/2020","72.315","72.466","0,06","72.201","72.966","1,11B"
"22/10/2020","71.996","72.422","0,59","71.604","72.439","1,27B"
"21/10/2020","71.701","71.999","0,36","71.465","72.138","1,11B"
"20/10/2020","70.884","71.744","1,37","70.865","71.828","1,25B"
"19/10/2020","71.163","70.772","-0,21","70.654","71.721","1,20B"
"16/10/2020","70.814","70.922","0,21","70.459","71.359","1,06B"
"15/10/2020","69.875","70.776","0,90","69.533","70.857","1,29B"
"14/10/2020","69.511","70.143","1,05","69.379","70.616","1,14B"
"13/10/2020","69.814","69.416","-0,31","69.162","70.068","1,11B"
"09/10/2020","69.455","69.629","0,20","69.350","70.320","1,41B"
"08/10/2020","68.326","69.493","1,67","68.117","69.493","1,38B"
"07/10/2020","68.896","68.349","-0,54","67.695","68.908","1,13B"
"06/10/2020","69.207","68.718","-0,35","68.441","69.715","896,65M"
"05/10/2020","68.302","68.958","1,05","67.685","69.267","1,35B"
"02/10/2020","68.596","68.242","-0,73","67.834","69.203","1,03B"
"01/10/2020","68.607","68.741","0,25","67.646","68.888","1,29B"
"30/09/2020","68.353","68.569","0,45","68.133","68.722","1,56B"
"29/09/2020","68.753","68.265","-0,76","67.825","68.765","1,25B"
"28/09/2020","70.838","68.788","-2,58","68.319","71.001","1,21B"
"25/09/2020","70.569","70.607","-0,22","69.856","70.613","1,08B"
"24/09/2020","70.186","70.761","0,89","69.995","71.168","1,31B"
"23/09/2020","70.905","70.135","-1,13","70.023","71.203","1,08B"
"22/09/2020","70.524","70.936","0,48","70.234","71.058","1,31B"
"21/09/2020","70.218","70.598","-0,10","69.254","70.810","1,09B"
"18/09/2020","71.782","70.666","-1,64","70.508","71.823","1,66B"
"17/09/2020","71.402","71.846","0,32","71.043","72.022","924,92M"
"16/09/2020","71.462","71.615","0,32","71.459","72.026","990,34M"
"15/09/2020","71.793","71.390","-0,37","71.244","72.244","1,23B"
"14/09/2020","71.063","71.655","1,02","70.887","71.892","1,00B"
"11/09/2020","72.058","70.935","-1,77","70.132","72.085","1,30B"
"10/09/2020","74.000","72.216","-2,30","72.126","74.398","1,11B"
"09/09/2020","73.255","73.913","1,38","73.253","74.311","1,13B"
"08/09/2020","72.211","72.908","0,58","71.676","73.008","1,01B"
"04/09/2020","n/d","72.356","-0,10","71.586","73.013","926,41M"
"03/09/2020","73.158","72.427","-1,04","71.899","73.819","1,50B"
"02/09/2020","73.001","73.185","0,27","72.484","73.266","1,21B"
"01/09/2020","72.191","72.989","1,42","72.130","73.165","1,39B"
"31/08/2020","73.147","71.967","-1,71","71.936","73.147","1,63B"
"28/08/2020","72.479","73.218","1,16","72.467","73.871","1,46B"
"27/08/2020","72.650","72.380","-0,35","72.121","73.184","1,18B"
"26/08/2020","73.915","72.637","-1,60","71.966","74.270","1,48B"
"25/08/2020","73.128","73.818","1,01","72.639","73.924","1,79B"
"24/08/2020","72.629","73.079","1,17","72.050","73.207","1,92B"
"21/08/2020","71.328","72.237","1,26","70.956","72.438","1,43B"
"20/08/2020","70.679","71.335","0,17","69.834","71.437","1,09B"
"19/08/2020","72.024","71.213","-0,90","70.737","72.060","1,26B"
"18/08/2020","70.731","71.863","2,25","70.597","71.863","1,20B"
"17/08/2020","72.028","70.280","-2,54","69.608","72.135","1,71B"
"14/08/2020","71.613","72.113","0,57","70.982","72.192","1,57B"
"13/08/2020","72.984","71.707","-1,57","71.335","73.490","1,72B"
"12/08/2020","73.950","72.850","-1,21","72.053","73.953","1,56B"
"11/08/2020","75.033","73.745","-1,48","73.679","75.182","1,18B"
"10/08/2020","75.243","74.854","-0,42","74.148","75.292","818,89M"
"07/08/2020","75.916","75.173","-1,20","74.722","75.916","1,04B"
"06/08/2020","74.432","76.088","2,31","74.351","76.197","1,54B"
"05/08/2020","74.675","74.370","0,02","73.843","75.299","1,10B"
"04/08/2020","75.412","74.356","-1,93","73.956","75.969","1,19B"
"03/08/2020","76.772","75.816","-0,92","75.496","76.877","1,30B"
"31/07/2020","76.244","76.524","0,51","75.946","76.855","1,59B"
"30/07/2020","75.396","76.139","0,63","75.170","76.155","1,19B"
"29/07/2020","75.675","75.665","0,27","75.205","75.948","1,26B"
"28/07/2020","76.107","75.459","-0,83","75.309","76.107","1,44B"
"27/07/2020","74.776","76.087","1,58","74.767","76.334","1,71B"
"24/07/2020","74.921","74.903","-0,35","73.533","74.981","1,34B"
"23/07/2020","75.632","75.167","-0,67","74.687","76.045","1,20B"
"22/07/2020","74.764","75.675","1,31","74.506","75.806","1,33B"
"21/07/2020","75.287","74.700","-0,57","74.235","75.575","1,22B"
"20/07/2020","74.417","75.130","1,03","74.275","75.134","1,18B"
"17/07/2020","72.719","74.361","2,46","72.687","74.418","1,96B"
"16/07/2020","72.987","72.576","-0,34","72.356","73.110","1,26B"
"15/07/2020","71.888","72.824","1,52","71.888","72.920","1,30B"
"14/07/2020","71.677","71.731","0,12","71.126","72.023","1,12B"
"13/07/2020","72.268","71.644","-0,56","71.644","72.624","1,02B"
"10/07/2020","72.077","72.050","0,05","71.547","72.427","1,03B"
"09/07/2020","72.115","72.017","0,03","71.868","72.870","1,70B"
"08/07/2020","71.664","71.997","0,71","71.664","72.312","1,27B"
"07/07/2020","71.862","71.488","-0,70","71.330","71.972","1,17B"
"06/07/2020","72.072","71.990","0,54","71.530","72.493","1,33B"
"03/07/2020","n/d","71.605","1,21","70.651","71.605","648,86M"
"02/07/2020","71.330","70.747","-0,20","70.650","71.814","1,37B"
"01/07/2020","n/d","70.886","1,04","70.290","71.345","1,54B"
"30/06/2020","69.376","70.160","0,82","68.972","70.510","1,53B"
"29/06/2020","n/d","69.589","1,59","68.538","69.589","909,47M"
"26/06/2020","n/d","68.503","-1,52","68.123","69.487","1,07B"
"25/06/2020","68.675","69.558","1,04","68.303","69.567","979,17M"
"24/06/2020","n/d","68.841","-1,31","67.849","69.697","1,07B"
"23/06/2020","n/d","69.727","-1,07","69.534","71.173","650,67M"
"22/06/2020","n/d","70.482","0,18","70.229","71.256","971,19M"
"19/06/2020","n/d","70.359","1,29","69.847","70.736","2,27B"
"18/06/2020","n/d","69.460","-0,89","69.351","70.293","1,12B"
"17/06/2020","n/d","70.086","3,33","68.067","70.559","1,54B"
"16/06/2020","n/d","68.085","0,46","67.889","69.423","841,84M"
"15/06/2020","n/d","67.774","-0,79","66.287","68.320","1,15B"
"12/06/2020","n/d","68.314","-1,38","66.614","68.372","1,49B"
"10/06/2020","n/d","69.192","-1,84","68.662","71.196","1,37B"
"09/06/2020","n/d","70.490","0,16","68.973","70.581","1,16B"
"08/06/2020","n/d","70.380","3,68","68.224","70.447","1,41B"
"05/06/2020","67.992","68.661","1,72","67.992","69.105","750,82M"
"04/06/2020","67.850","67.503","-0,48","67.157","68.392","1,29B"
"03/06/2020","68.092","67.819","0,59","67.017","69.106","1,60B"
"02/06/2020","66.978","67.422","1,14","66.870","67.575","1,18B"
"01/06/2020","n/d","66.691","0,48","65.999","67.122","1,17B"
"29/05/2020","n/d","65.991","-0,88","65.762","66.970","730,32M"
"28/05/2020","n/d","66.575","-0,15","65.913","66.841","1,24B"
"27/05/2020","n/d","66.675","2,67","65.325","66.855","1,67B"
"26/05/2020","65.224","64.942","0,26","64.610","66.029","1,35B"
"25/05/2020","n/d","64.775","4,34","62.868","64.902","1,34B"
"22/05/2020","61.407","62.078","0,91","60.904","62.231","1,26B"
"21/05/2020","n/d","60.549","1,15","59.831","60.660","178,69M"
"20/05/2020","n/d","59.859","-0,66","59.731","60.881","1,06B"
"19/05/2020","61.062","60.257","-1,52","60.181","61.550","1,16B"
"18/05/2020","n/d","61.190","3,61","59.680","61.470","1,32B"
"15/05/2020","59.318","59.059","-0,51","58.157","59.807","1,31B"
"14/05/2020","n/d","58.228","1,24","56.200","58.258","588,08M"
"13/05/2020","58.559","57.513","-1,28","56.998","58.845","1,56B"
"12/05/2020","59.232","58.261","-1,53","58.236","60.381","1,22B"
"11/05/2020","n/d","59.167","-1,07","58.777","60.066","1,04B"
"08/05/2020","n/d","59.809","3,11","58.266","59.809","1,14B"
"07/05/2020","n/d","58.004","-3,91","58.004","60.785","1,54B"
"06/05/2020","n/d","60.364","-1,37","59.790","61.349","1,12B"
"05/05/2020","n/d","61.200","1,40","60.784","61.888","1,04B"
"04/05/2020","n/d","60.355","-1,60","59.379","60.666","1,29B"
"30/04/2020","n/d","61.335","-1,79","60.913","62.462","2,36B"
"29/04/2020","63.017","62.451","0,32","62.049","63.342","923,92M"
"28/04/2020","n/d","62.252","2,94","61.360","62.538","1,23B"
"27/04/2020","59.266","60.472","3,35","59.233","60.677","1,24B"
"24/04/2020","n/d","59.646","-4,19","59.617","61.647","176,79M"
"23/04/2020","63.470","62.254","-1,31","61.607","64.048","1,32B"
"22/04/2020","n/d","63.081","1,16","62.137","63.812","1,35B"
"20/04/2020","n/d","62.359","0,75","60.646","62.861","1,20B"
"17/04/2020","62.493","61.893","0,03","61.528","62.845","1,13B"
"16/04/2020","n/d","61.873","-0,80","61.591","63.201","1,05B"
"15/04/2020","61.136","62.375","0,83","60.602","62.555","1,24B"
"14/04/2020","60.563","61.862","3,23","60.563","62.218","1,23B"
"13/04/2020","59.537","59.926","0,61","58.251","60.368","972,85M"
"09/04/2020","59.298","60.156","1,25","59.298","60.295","653,02M"
"08/04/2020","57.801","59.021","1,79","56.865","59.178","1,17B"
"07/04/2020","58.498","57.797","1,37","57.708","60.671","1,55B"
"06/04/2020","56.381","57.458","2,89","56.381","58.213","889,03M"
"03/04/2020","56.156","55.415","-1,39","54.479","56.290","1,36B"
"02/04/2020","56.115","56.196","0,74","55.457","56.908","1,30B"
"01/04/2020","56.661","55.784","-3,24","54.973","56.661","1,31B"
"31/03/2020","57.941","57.651","-0,54","57.480","59.066","967,31M"
"30/03/2020","57.438","57.962","1,86","56.946","58.422","1,14B"
"27/03/2020","57.640","56.904","-3,43","56.396","58.279","1,29B"
"26/03/2020","55.251","58.926","7,36","55.251","59.267","1,69B"
"25/03/2020","53.332","54.887","2,91","52.655","55.603","1,61B"
"24/03/2020","53.664","53.337","3,20","52.863","55.069","1,57B"
"23/03/2020","54.751","51.682","-5,71","50.355","54.774","1,39B"
"20/03/2020","57.920","54.810","-2,02","54.173","58.757","n/d"
"19/03/2020","54.897","55.939","-0,32","53.138","57.194","1,37B"
"18/03/2020","60.074","56.119","-9,73","53.438","60.122","1,71B"
"17/03/2020","61.317","62.167","3,04","60.435","63.543","1,89B"
"16/03/2020","61.641","60.751","-8,54","58.789","62.340","907,79M"
"13/03/2020","64.199","66.426","8,99","61.198","66.739","548,97M"
"12/03/2020","64.410","61.101","-11,37","58.017","64.410","908,77M"
"11/03/2020","72.036","68.940","-5,38","66.100","72.422","1,89B"
"10/03/2020","72.121","72.380","3,13","70.542","73.662","2,01B"
"09/03/2020","73.308","70.257","-7,88","70.655","73.308","811,47M"
"06/03/2020","77.123","76.269","-3,52","74.931","77.123","2,09B"
"05/03/2020","81.489","79.053","-3,44","77.950","81.489","1,62B"
"04/03/2020","79.474","81.871","4,16","79.474","81.915","1,49B"
"03/03/2020","78.830","78.600","-0,11","78.064","80.582","1,51B"
"02/03/2020","75.590","78.686","4,14","75.590","78.686","1,76B"
"28/02/2020","74.615","75.556","0,87","72.303","74.615","618,26M"
"27/02/2020","75.662","74.906","-1,77","74.737","76.914","1,67B"
"26/02/2020","77.519","76.253","-4,25","75.641","77.519","1,46B"
"21/02/2020","78.810","79.639","0,59","78.414","79.639","911,84M"
"20/02/2020","80.300","79.175","-1,54","79.018","80.303","1,14B"
"19/02/2020","79.980","80.410","0,53","79.825","80.649","1,07B"
"18/02/2020","79.434","79.982","0,44","79.106","79.982","1,05B"
"17/02/2020","78.732","79.628","1,16","78.643","79.771","768,97M"
"14/02/2020","79.148","78.712","-0,34","78.220","79.248","1,01B"
"13/02/2020","78.570","78.983","-0,14","78.022","79.214","1,08B"
"12/02/2020","78.178","79.098","1,33","77.905","79.142","1,54B"
"11/02/2020","76.642","78.062","2,16","76.607","78.062","1,15B"
"10/02/2020","77.651","76.414","-1,67","76.078","77.774","1,11B"
"07/02/2020","78.908","77.713","-1,68","77.622","79.013","1,11B"
"06/02/2020","80.342","79.040","-1,34","78.843","80.607","1,19B"
"05/02/2020","79.986","80.113","0,47","79.805","80.473","1,54B"
"04/02/2020","79.805","79.736","0,56","79.603","80.293","1,28B"
"03/02/2020","78.240","79.289","1,25","78.189","79.591","1,22B"
"31/01/2020","79.183","78.309","-1,37","78.179","79.183","1,14B"
"30/01/2020","79.675","79.325","-1,25","78.312","79.684","957,43M"
"29/01/2020","80.919","80.332","-0,63","80.162","81.222","958,57M"
"28/01/2020","79.590","80.840","1,57","79.426","80.965","956,00M"
"27/01/2020","80.300","79.593","-1,76","79.243","80.300","1,08B"
"24/01/2020","81.135","81.023","-0,04","80.552","81.209","893,10M"
"23/01/2020","80.242","81.053","0,75","79.484","81.053","1,19B"
"22/01/2020","80.111","80.446","0,59","79.871","80.683","1,40B"
"21/01/2020","80.199","79.975","-0,49","79.770","80.370","1,07B"
"20/01/2020","79.953","80.372","0,57","79.663","80.427","945,60M"
"17/01/2020","79.736","79.921","0,47","79.377","79.921","1,03B"
"16/01/2020","79.518","79.547","0,25","79.110","79.796","1,22B"
"15/01/2020","79.313","79.348","-0,05","78.863","79.557","1,62B"
"14/01/2020","79.288","79.384","0,13","78.576","79.384","1,27B"
"13/01/2020","78.695","79.280","0,87","78.695","79.341","1,23B"
"10/01/2020","77.902","78.598","1,11","77.862","78.757","1,34B"
"09/01/2020","77.326","77.732","0,71","77.000","77.756","1,41B"
"08/01/2020","77.121","76.355","-0,85","76.267","77.121","360,27M"
"07/01/2020","77.313","77.012","-0,48","76.522","77.317","1,17B"
"06/01/2020","77.157","77.315","-0,06","76.430","77.515","953,40M"